;name;city;min_salary;max_salary;company;published_at;min_experience;max_experience;schedule;employment;description;conditions;requirement;responsibility;key_skills
4;Программист 1С;Тюмень;40000.0;80000.0;ДИО-Консалт;2019-11-20T10:11:41+0300;1;3;Полный день;Полная занятость;"ООО ДИО-Консалт - официальный партнер фирмы 1С, с удовольствием примет в свою команду талантливых специалистов!Мы занимаемся продажами, обучением и сопровождением во всем известной сфере - программных продуктов 1С, отличающихся широкой популярностью, высочайшим качеством и динамичным развитием! Обязанности:  Администрирование программных продуктов 1С; Написание доработок и обновление конфигураций 1С; Программирование по техническому заданию; Поддержка и консультация пользователей; Участие в масштабных и интересных проектах.  Требования:  Опыт в области разработки на 1С: Предприятие 8.2/8.3; Отличные знания языков программирования; Наличие сертификатов 1С и/или желание их получить; Внимательность к деталям, ответственность, умение работать с большим объемом информации, стремление к саморазвитию.  Преимущества работы у нас:  Дружная и профессиональная команда объединенная общей миссией и ценностями; Достойный оклад + премии, бонусы и надбавки; Поддержка опытных коллег; Профессиональный рост, внутреннее обучение, доступ к корпоративной библиотеке 1С, получение сертификатов 1С за счет компании; Официальное трудоустройство, полный соц. пакет; Пятидневная рабочая неделя с 9 до 18 с плавающим обедом; Уютный светлый офис, комфортная зона отдыха, позитивная атмосфера, корпоративные мероприятия и выезды.  Мы находимся в г. Тюмень, и также рассматриваем кандидатов на удаленную занятость или готовых к переезду.    ";;Опыт в области разработки на 1С: Предприятие 8.2/8.3. Отличные знания языков программирования. Наличие сертификатов 1С...;Администрирование программных продуктов 1С. Написание доработок и обновление конфигураций 1С. Программирование по техническому заданию. Поддержка и консультация пользователей. ;"1С: Предприятие 8; 1С программирование; 1С: Документооборот; Обновление конфигурации 1С; Cистемы управления базами данных; Работа в команде; 1С: Предприятие; 1С: Торговля; 1С: Управление Торговлей"
13;Программист PHP/ Web программист;Екатеринбург;40000.0;80000.0;Юверст;2019-11-20T09:04:24+0300;1;3;Полный день;Полная занятость;"Драйв Проджект - современная компания - более 7 лет успешной работы в Екатеринбурге в сфере разработки интернет решений автомобильной тематики, военной министерства обороны и других областях. Приглашаем на работу человека для работы в должности веб программиста. Совместно будем создавать интересные и нужные людям и государству проекты. Мы предлагаем достойную оплату труда и дополнительные финансовые бонусы за максимальное погружение в работу. Обязанности:  Разработка современных решений на современных языках программирования; Работа с базами данных, написание запросов.  Требования:  Знание HTML‚ PHP, CSS, JS, AJAX, XML, JSON Опыт разработки на PHP, MySQL или альтернативные варианты Фраймворки любые  Условия:  5-и или 6-и дневная рабочая неделя Расположение в центре города Современный офис Несколько графиков работы Возможность зарабатывать больше и не ограничивать себя Рост зарплаты за выслугу лет ";  5-и или 6-и дневная рабочая неделя Расположение в центре города Современный офис Несколько графиков работы Возможность зарабатывать больше и не ограничивать себя Рост зарплаты за выслугу лет ;Знание HTML‚ PHP, CSS, JS, AJAX, XML, JSON. Опыт разработки на PHP, MySQL или альтернативные варианты. Фраймворки любые.;Разработка современных решений на современных языках программирования. Работа с базами данных, написание запросов.;"MySQL; JavaScript; HTML; CSS; jQuery; PHP; Bootstrap; JSON API; HTML5; PHP5"
61;Разработчик .NET/С# (Junior);Новосибирск;40000.0;80000.0;Восток-Сервис-Кузбасс;2019-11-18T07:54:48+0300;0;0;Полный день;Полная занятость;"В Новосибирский филиал ООО Восток-Сервис-Кузбасс требуется разработчик .NET/С# для работы с веб-проектами. В связи с расширением штата и объема работы, готовы рассмотреть разработчиков, не имеющих опыт. Требования:  первоначальные знания C#, ASP.NET MVC, SQL и большое желание учиться и развиваться как .NET разработчик первоначальные знания и практический опыт работы с JavaScript, AJAX, jQuery желание обучаться и развиваться умение работать в команде  Мы предлагаем:  официальное трудоустройство и соц. пакет; возможность развития и карьерного роста; внеочередной оплачиваемый отпуск на время сессии (если Вы учитесь); комфортный офис в центре города и дружный коллектив удаленная работа исключена.  Резюме отправлять на электронный адрес, в теме письма указывать Разработчик .NET/С#.";"  официальное трудоустройство и соц. пакет; возможность развития и карьерного роста; внеочередной оплачиваемый отпуск на время сессии (если Вы учитесь); комфортный офис в центре города и дружный коллектив удаленная работа исключена.  Резюме отправлять на электронный адрес, в теме письма указывать Разработчик .NET/С#.";Первоначальные знания C#, ASP.NET MVC, SQL и большое желание учиться и развиваться как .NET <highlighttext>разработчик</highlighttext>. Первоначальные знания и практический опыт...;;"C#; JavaScript; ASP.NET; MVC; jQuery; SQL"
66;Frontend разработчик;Новосибирск;40000.0;80000.0;Вакио;2019-11-19T10:05:58+0300;1;3;Полный день;Полная занятость;"ВНИМАНИЕ! Сотрудник ТОЛЬКО штат! Удаленную работу не рассматриваем.   Один очень крутой и востребованный продукт - система вентиляции и очистки воздуха Vakio, хочет усилить отдел маркетинга Front-end разработчиком. Вместе мы спасем не только нашу страну, но и весь мир. Будь нашим собратом по оружию. У нас очень круто:   Внутри компании только демократичный стиль общения. Какие еще барьеры, бюрократия и офисная политика? Нет таких. У нас все открыты для диалога;   Инициативность каждого поощряется особенно искренне и положительно;   Твой карьерный и профессиональный рост – наш приоритет;   Час в день на развитие профессиональных навыков – выделяешь, читаешь, смотришь, слушаешь, учишься;   Интересные и веселые корпоративные мероприятия;   Рабочие места отличает комфорт, а на мини-кухнях всегда есть чай и кофе.   Адрес, время, про официальность:   Офис рядом с метро Гагаринская (12 минут пешком)   График работы с 9:00 или с 10:00;   Оформление по нормам ТК и классная зарплата (оклад + бонусы) – всегда вовремя;   Уровень заработной платы обсуждается индивидуально при личной встрече.   Умеешь, знаешь, обладаешь?   Обстрелян в бою и вообще твой опыт реален – хотя бы годика два, как минимум;   Кроссбраузерная аккуратная верстка дизайн-макетов;   Уверенно знаешь HTML5, CSS3 (Flexbox / Grid) и прочие jQuery.   Создаешь мобильные версии сайтов;   Умеешь верстать HTML + CSS, пользуешься препроцессором SASS. Знаешь CSS-фреймворк Bootstrap;   Знаешь WordPress на уровне правки темы;   Развернешь локальную копию сайта;   Знаешь основные принципы юзабилити.   А еще ты и у тебя:   Горящие глаза, ответственность, и понимание важности поставленных задач (мотивация, интерес, креатив, безграничная мудрость и т.д. и т.п.);   Хочешь учиться новым боевым приемам и техникам, а также умеешь GoogleИТЬ в поиске ответов на возникающие вопросы.   Будут плюсом:   Знания и опыт работы с React Native, RoR, Node.js;   Опыт использования паттернов любого из JavaScript фреймворков;   Знание и понимание css-препроцессоров;   Работа со сборщиком проекта;   Умение просто и доходчиво объяснять сложные вещи;   Реалистичное прогнозирование сроков и сил для решения поставленных задач;   Чувство юмора   Заинтересован? Присылай свое резюме и ссылку на свой самый удачный проект! Ты нужен нам, боевой товарищ! Vakio нуждается в тебе!";;Инициативность каждого поощряется особенно искренне и положительно. Обстрелян в бою и вообще твой опыт реален – хотя бы годика два, как...;Развернешь локальную копию сайта. Хочешь учиться новым боевым приемам и техникам, а также умеешь GoogleИТЬ в поиске ответов на возникающие...;"HTML; Sass; JavaScript; jQuery; CSS3; Bootstrap; HTML5; CSS; Node.js; Кроссбраузерная верстка; CMS Wordpress; Креативность; Adobe Photoshop; Less; CorelDRAW; Грамотная речь; Грамотность; Управление временем; IBM Lotus Notes; Mac Os"
24;Программист 1С;Тюмень;50000.0;80000.0;ГК ТюмБИТ;2019-10-29T10:55:43+0300;0;0;Полный день;Полная занятость;"Задачи:  Участие в разработке и внедрении программного обеспечения в сфере здравоохранения (ООО 1С-Медицина-Регион); Программирование в среде 1С: Предприятие 8; Работа с техническими заданиями через консультантов 1С, т.е. без общения с клиентами; Выполнение сложных и интересных задач  Мы ищем сотрудника с:  Образованием: высшее/ неполное высшее Знанием основ программирования на платформе 1С Стремлением к профессиональному росту Высокой работоспособностью и стрессоустойчивостью Умением работать в коллективе  Мы предлагаем:  Интересные и разносторонние задачи. Стабильная‚ официальная‚ конкурентоспособная заработная плата. Пятидневная рабочая неделя, рабочий день: 9:00-18:00 Оформление по ТК РФ. Уютный офис в центре города. Молодой и дружный коллектив из профессионалов своего дела; Возможности обучения и сертификации для сотрудников компании Корпоративные мероприятия ";"  Интересные и разносторонние задачи. Стабильная‚ официальная‚ конкурентоспособная заработная плата. Пятидневная рабочая неделя, рабочий день: 9:00-18:00 Оформление по ТК РФ. Уютный офис в центре города. Молодой и дружный коллектив из профессионалов своего дела; Возможности обучения и сертификации для сотрудников компании Корпоративные мероприятия ";Образованием: высшее/ неполное высшее. Знанием основ программирования на платформе 1С. Стремлением к профессиональному росту. Высокой работоспособностью и стрессоустойчивостью. ;Участие в разработке и внедрении программного обеспечения в сфере здравоохранения (ООО 1С-Медицина-Регион). Программирование в среде 1С...;"1С программирование; 1С: Предприятие 8; 1С: Медицина"
56;Разработчик бизнес-решений;Тюмень;50000.0;80000.0;Систем-Консалт;2019-11-20T08:54:55+0300;1;3;Полный день;Полная занятость;"Задачи в работе:  разработка бизнес-решений на базе системы DIRECTUM и DirectumRX на проектах внедрения и сопровождения; проектирование архитектуры заказных систем (анализ функциональных и не функциональных требований, анализ архитектуры существующих информационных систем заказчика); разработка интеграции с информационными системами заказчика; разработка механизмов миграции данных из сторонних информационных систем.  Требования к соискателю:  глубокое понимание объектно-ориентированного программирования; опыт разработки ПО на Delphi / .NET / C#; опыт работы с базами данных; опыт проектирования приложений/информационных систем; умение анализировать требования и разбираться в потребностях заказчика.  Приветствуются следующие знания и навыки:  опыт разработки на JavaScript; опыт работы с MS SQL Server, PostgreSQL; разработка и сопровождение систем документооборота либо других информационных систем предприятия; опыт работы c предметно-ориентированными средами разработки (1С, Microsoft Dynamics, DIRECTUM); знание основ построения бизнес-процессов предприятий.  Работая у нас, вы получите:  стабильную заработную плату (уровень обсуждается с финальными кандидатами); работу в масштабных долгосрочных проектах с крупными клиентами, интересные сложные задачи в области искусственного интеллекта; возможны командировки по Тюменской области и России; обучение за счет компании, сертификация, возможность постоянно расти и развиваться; наличие наставника в период адаптации; возможность прокачаться в различных бизнес-областях; график работы 5/2 с 09:00-18:00; официальное трудоустройство по ТК РФ; офис расположен в центре города, удобная транспортная развязка; отличную команду профессионалов, с которыми хочется двигаться только вперёд! ";;Глубокое понимание объектно-ориентированного программирования. Опыт разработки ПО на Delphi / .NET / C#. Опыт работы с базами данных. Опыт проектирования приложений...;Разработка бизнес-решений на базе системы DIRECTUM и DirectumRX на проектах внедрения и сопровождения. Проектирование архитектуры заказных систем (анализ функциональных...;"C#; .NET Framework; Delphi; Работа с базами данных; PostgreSQL; MS SQL Server; Работа в команде; Проектирование"
65;Web-разработчик на Bitrix;Новосибирск;50000.0;80000.0;Ай Ти Констракт;2019-11-20T07:19:15+0300;1;3;Полный день;Полная занятость;"Хватит сидеть на попе ровно. Приходи в крутую компанию работать над сложными задачами! (их много и мы готовы поделиться) Работа в стабильной компании, лидере партнерской сети 1С-Битрикс, где рядом с тобой сидят настоящие профессионалы, а зарплата своевременна и не ограничена по потолку.   Что у нас есть:  отличные условия для профессионального роста: отлаженная система обучения, помощь коллег, возможность проходить профессиональные курсы. Мы – как Xzibit: научились прокачивать программистов за короткий срок; интересные разнообразные задачи, которые не дадут устать от рутины. Чем круче ваш уровень, тем круче задачи вам достаются; реально дружный коллектив, позитивная рабочая атмосфера; комфортные рабочие условия; справедливая система вознаграждения, которая чётко коррелирует с вашим профессиональным уровнем; зарплата всегда вовремя, как швейцарские часы; всегда приветствуются инициативы по улучшениям; адекватное руководство; трудоустройство согласно ТК РФ, социальный пакет; офис рядом с ТРК Горский, 500 метров от метро: хватает, чтобы размяться, но не хватает, чтобы устать от дороги.    Чего у нас нет:  лишней бюрократии; принуждения работать до потери пульса: у нас стандартный 8-часовой рабочий день с перерывом на обед 1 час.    Все это можно увидеть своими глазами, если прийти к нам на собеседование.   Что нужно делать:  разработка и доработка проектов и сервисов на основе CMS 1C-Битрикс; выполнение сопровождения сайтов в рамках абонентского обслуживания и разовых обращений; разработка модулей для 1C-Битрикс; участие в архитектурном проектировании сайтов; интеграция сайтов с различными сторонними сервисами (1С, платежные системы, кассы и пр.).    Что ждем от вас:  знание и опыт разработки на 1С-Битрикс; хорошее знание PHP (в том числе ООП); хорошее знание MySQL, понимание принципов оптимизации запросов БД; знание HTML/CSS/JS/jQuery. Верстать не нужно, но какие-то мелочи надо уметь сделать самостоятельно; опыт работы с системами контроля версий. Мы используем git на наших проектах.    Если вы опытный разработчик и не знаете Битрикс, но хотите узнать, тоже приходите – научим.";;Знание и опыт разработки на 1С-Битрикс. Хорошее знание PHP (в том числе ООП). Хорошее знание MySQL, понимание принципов...;Разработка и доработка проектов и сервисов на основе CMS 1C-Битрикс. Выполнение сопровождения сайтов в рамках абонентского обслуживания и...;"1С-Битрикс; PHP; HTML; CSS; JavaScript; PHP5; MySQL; Git"
26;Программист;Москва;55000.0;80000.0;Media Instinct Group;2019-11-20T12:17:56+0300;0;0;Полный день;Полная занятость;В медийном рекламном агентстве Media Instinct, входящем в OMD OM Group, открыта позиция Программиста в отделе стратегического медиапланирования и исследований. Задачи:  - Поддержка существующих БД и создание новых БД на базе MS SQL,- Развитие существующего собственного ПО и создание нового,- Поддержка пользователей по базам в MS SQL и ПО. Требования:- MS SQL (создание баз, написание процедур, функций, сложные запросы),- C++,- QT Creator (желательно QT activex). Условия:  Работа в динамично развивающейся компании. Достойная белая заработная плата. Перспективы профессионального и личностного роста. Оформление согласно ТК РФ. Социальный пакет (ДМС, английский язык в офисе). Молодой дружный коллектив профессионалов. Чай/кофе, фрукты и сладости в офисе. Офис расположен в 5 минутах ходьбы от м. Молодежная.   ;  Работа в динамично развивающейся компании. Достойная белая заработная плата. Перспективы профессионального и личностного роста. Оформление согласно ТК РФ. Социальный пакет (ДМС, английский язык в офисе). Молодой дружный коллектив профессионалов. Чай/кофе, фрукты и сладости в офисе. Офис расположен в 5 минутах ходьбы от м. Молодежная.   ;C++.;Поддержка существующих БД и создание новых БД на базе MS SQL. - Развитие существующего собственного ПО и создание нового. - ;
84;Java-разработчик;Тюмень;60000.0;80000.0;Сервис заказа такси Максим;2019-11-18T14:25:59+0300;1;3;Полный день;Полная занятость;"Максим ищет разработчиков в Екатеринбурге, Челябинске, Тюмени и Кургане. Кто мы: - IT-компания, предоставляющая облачные решения в сфере такси. К нашим сервисам подключено большое количество компаний, среди которых как мелкие региональные игроки, так и компании с мировым именем, с сотнями городов и десятками стран присутствия. Что нужно делать: Разрабатывать и сопровождать системы отчётности и бизнес-процессов. Мы хотим найти человека, который: - хорошо владеет языком программирования Java (JDK 1.8 и выше); - знает реляционные СУБД (PostgreSQL или SQL Server), SQL и MongoDB. Будет плюсом: - знание системы отчётности Eclipse BIRT и платформы Eclipse в целом; - знание движков бизнес-процессов Alfresco Activiti и Flowable; - знание Java EE (JMS, JAX-RS, JAX-WS) и Spring (Framework, Boot, Data, Security); - знание и опыт работы с Linux, Git. Что мы предлагаем: - множество интересных задач, в решении которых вы можете принять полноправное участие; - дружелюбный коллектив профессионалов; - корпоративное обучение; - поездки на it-конференции; - комфортное рабочее место; - компенсацию питания; - бесплатные корпоративные мероприятия (Новый Год, командные выезды и движухи); - уровень заработной платы, который зависит от технических знаний и навыков (регулярные пересмотры при повышении результатов и качества работы).";;Мы хотим найти человека, который: - хорошо владеет языком программирования Java (JDK 1.8 и выше). - знает реляционные СУБД (PostgreSQL или...;Разрабатывать и сопровождать системы отчётности и бизнес-процессов.;"Java; Linux; MS SQL Server; SQL; Eclipse"
57;Junior developer С#;Новосибирск;60000.0;80000.0;Лайко Алексей Константинович;2019-11-17T22:23:07+0300;1;3;Полный день;Полная занятость;О нас: Небольшая команда разработчиков, занимаемся разработкой ИИ, машинным обучением. Расширяемся, открываем Новосибирский офис.Обязанности:   Разработка алгоритмов искусственного интеллекта Изучение научных статей Разработка юнит-тестов и систем тестирования  Требования:  C# Владение английским на уровне чтения научной литературы. Высшее (неоконченное высшее) математическое или техническое образование, математический склад ума.  Плюсами будут:   С++ Python Опыт работы с git Опыт написания юнит-тестов и интеграционных тестов  Мы предлагаем:  Офис со всем необходимым в центре города рядом с метро Устройство по ТК Гибкое время работы  Этапы общения:  Выдаем тестовое задание. Собеседование по скайпу. Приглашаем в гости к нам в офис, чтобы познакомиться поближе, рассказать о нас подробнее и ответить на все вопросы. ;  Офис со всем необходимым в центре города рядом с метро Устройство по ТК Гибкое время работы  Этапы общения:  Выдаем тестовое задание. Собеседование по скайпу. Приглашаем в гости к нам в офис, чтобы познакомиться поближе, рассказать о нас подробнее и ответить на все вопросы. ;C#. Владение английским на уровне чтения научной литературы. Высшее (неоконченное высшее) математическое или техническое образование, математический склад ума. С++. Python. ;Разработка алгоритмов искусственного интеллекта. Изучение научных статей. Разработка юнит-тестов и систем тестирования.;"C#; Английский язык"
20;Программист С#;Екатеринбург;70000.0;80000.0;Сеть кинотеатров Премьер-Зал;2019-11-18T11:41:47+0300;1;3;Полный день;Полная занятость;"Сети кинотеатров Премьер зал нужен идейный и творческий разработчик.В нашей компании мы разрабатываем большие и интересные проекты.Мы ищем специалиста с опытом разработки C# Требования: - профильное образование: IT, техническое; - опыт разработки на C#; - умение писать SQL-запросы; - опыт работы с WPF, ASP.NET MVC, T-SQL, Entity Framework, Web API; - дополнительным плюсом будут знание и опыт работы с: jQuery, AngularJS, Android SDK или Xamarin; - готовность работать в режиме многозадачности. Обязанности: - разработка и поддержка Back-end и Front-end приложений под Windows и Microsoft Azure; - расширение перечня поддерживаемого торгового оборудования; - разработка Web-виджетов на сайт; - ведение документации Мы предлагаем вам:  официальное трудоустройство согласно ТК РФ; интересные задачи; дружный и молодой коллектив; работа на постоянной основе   ЗП 2 раза в месяц, без задержек, Вся белая  Если Вы настоящий программист, любите свое дело, интересуетесь новыми технологиями и ищете стабильное, постоянное место работы, то мы будем рады рассмотреть Ваше резюме.";;профильное образование: IT, техническое. - опыт разработки на C#. - умение писать SQL-запросы. - опыт работы с WPF, ASP.NET MVC, T-SQL...;разработка и поддержка Back-end и Front-end приложений под Windows и Microsoft Azure. - расширение перечня поддерживаемого торгового оборудования. - ;"C#; ASP.NET; WPF; SQL"
81;Программист 1C/специалист технической поддержки;Новосибирск;70000.0;80000.0;ГазОйл;2019-11-18T09:25:00+0300;0;0;Полный день;Полная занятость;"Обязанности:  техническая поддержка пользователей по программным продуктам: УПП 1.3, ЗУП 2.5, ЗУП 3.1, БП 3.0; поиск и устранение ошибок в существующих механизмах, обменах, поддержка обменов. Чем, в основном, будет заниматься: 1. получить задачу от пользователя; 2. выполнить; 3. проинформировать пользователя.   Требования:  высшее техническое образование; знание 1С: Предприятие ( УПП 1.3, ЗУП 2.5, ЗУП 3.1, БП 3.0); знание конфигурации Конвертация данных 2.1; умение читать чужой код; желательно базовые знания бух. учета.  Условия:  место работы - в одном из офисов: г. Новосибирск, ул. Толмачевская или г. Барнаул, ул. Северо-Западная ; график работы пятидневный с 08.00 до 17.00 ч.; при наличии результатов в работе на протяжении 6 мес. возможно в дальнейшем перейти на работу в режиме home-office. ";"  место работы - в одном из офисов: г. Новосибирск, ул. Толмачевская или г. Барнаул, ул. Северо-Западная ; график работы пятидневный с 08.00 до 17.00 ч.; при наличии результатов в работе на протяжении 6 мес. возможно в дальнейшем перейти на работу в режиме home-office. ";Высшее техническое образование. Знание 1С: Предприятие ( УПП 1.3, ЗУП 2.5, ЗУП 3.1, БП 3.0). ;Техническая поддержка пользователей по программным продуктам: УПП 1.3, ЗУП 2.5, ЗУП 3.1, БП 3.0. ;"1С: Бухгалтерия; 1С: Предприятие 8; 1С: Зарплата и управление персоналом; 1С: Документооборот; 1С: Розница"
74;Программист C/С++;Москва;80000.0;80000.0;НТЦ ГОСАН;2019-11-20T11:48:14+0300;3;6;Полный день;Полная занятость;Обязанности:   Адаптация существующего кода для работы под ОС Linux   Доработка различных частей существующего кода в соответствии с требованиями  Участие в проектировании архитектуры ПО  Поддержка существующего кода   Требования:   уверенное владение языком С/С++  опыт программирования под ОС Linux обязателен опыт отладки многопоточных приложений  умение разобраться в чужом коде   желательны знания в электроэнергетике, знание протоколов семейства TCP/IP‚ опыт разработки сетевых приложений   приветствуется опыт программирования систем реального времени   Условия:   График работы: с 09.00 до 18.00   Полный соц.пакет.  ;   График работы: с 09.00 до 18.00   Полный соц.пакет.  ;Уверенное владение языком С/С++. Опыт программирования под ОС Linux. Обязателен опыт отладки многопоточных приложений. Умение разобраться в чужом коде. ;Адаптация существующего кода для работы под ОС Linux. Доработка различных частей существующего кода в соответствии с требованиями. Участие в проектировании...;"Linux; TCP/IP; C++; C/C++"
73;WEB Разработчик, PHP Программист YII 2;Санкт-Петербург;80000.0;80000.0;Вимос, торговый дом;2019-11-20T15:31:21+0300;1;3;Полный день;Полная занятость;"Обязанности:  Задачи по доработке функционала интернет магазина. Доработка корпоративного портала. Интеграция с различными системами и сервисами по API.   Требования:  Ищем PHP программиста в штат со знанием фреймворка YII 2 Опыт работы с JQuery. Опыт совместной работы, умение быстро понимать чужой код, комментировать свой  У нас Git (Bitbucket) JSON API Опыт тестирования и документирования. Желательно опыт работы с Интернет магазинами, а так же Bitrix продуктами, но не обязательно. Работа в офисе не удаленная на постоянной основе. Опыт работы не менее 2 лет.    Условия:  Работа в крупной, динамично развивающейся федеральной сети; Светлый просторный офис Молодая дружная команда профессионалов Оформление в соответствии с Трудовым Кодексом РФ Льготное питание график работы 5/2 (выходные суббота и воскресенье), с 10*00 до 18*00 100% белая заработная плата, выплата 2 раза в месяц ";"  Работа в крупной, динамично развивающейся федеральной сети; Светлый просторный офис Молодая дружная команда профессионалов Оформление в соответствии с Трудовым Кодексом РФ Льготное питание график работы 5/2 (выходные суббота и воскресенье), с 10*00 до 18*00 100% белая заработная плата, выплата 2 раза в месяц ";Ищем PHP <highlighttext>программиста</highlighttext> в штат со знанием фреймворка YII 2. Опыт работы с JQuery. Опыт совместной работы, умение быстро понимать...;Задачи по доработке функционала интернет магазина. Доработка корпоративного портала. Интеграция с различными системами и сервисами по API.;
46;Программист-разработчик;Москва;;80000.0;ИТЕРАНЕТ;2019-11-20T10:30:15+0300;0;0;Полный день;Полная занятость;Программист-разработчик (возможно, выпускник профильного ВУЗа с минимальным опытом работы) Обязанности:   Сопровождение внедренных решений. Разработка дополнительных модулей. Участие в проектах по внедрению новых решений с участием внешних Подрядчиков. Тестирование решений Документирование. Взаимодействие с пользователями.  Требования:  Готовы принять на работу начинающего специалиста с минимальным опытом. Законченное высшее образование не ниже уровня специалист (техническое, профильное). Возможно, выпускник магистратуры текущего учебного года при возможности работать полный рабочий день. Высокий средний балл по диплому. Можем рассмотреть студента последнего курса магистратуры с условием возможности совмещения работы и учебы. Знание основ программирования. Опыт разработки на любом из языков в рамках учебных курсов (курсовые, диплом) и хотя бы минимальный в профессиональной деятельности. Отсутствие ограничений для оформления допуска к сведениям, составляющим государственную тайну (3, 2 форма). Или наличие допуска соответствующих форм. Креативность, готовность обучаться, ответственность, дисциплинированность.  Условия:  Работа на территории партнера - государственной организации. Территориально - ст. метро Юго-Западная, далее - 15 минут автобусом. Возможность обучения за счет работодателя. Отсрочка от призыва на срочную военную службу для военнообязанных Интересные проекты. График работы: пятидневка. Официальное трудоустройство по ТК Белая заработная плата. Социальный пакет.  Уважаемые соискатели! Если в вашем резюме нет информации о знаниях в области программирования и о среднем балле по диплому, просьба включать эту информацию в сопроводительное письмо.;  Работа на территории партнера - государственной организации. Территориально - ст. метро Юго-Западная, далее - 15 минут автобусом. Возможность обучения за счет работодателя. Отсрочка от призыва на срочную военную службу для военнообязанных Интересные проекты. График работы: пятидневка. Официальное трудоустройство по ТК Белая заработная плата. Социальный пакет.  Уважаемые соискатели! Если в вашем резюме нет информации о знаниях в области программирования и о среднем балле по диплому, просьба включать эту информацию в сопроводительное письмо.;"Готовы принять на работу начинающего специалиста с минимальным опытом. Законченное высшее образование не ниже уровня &quot;специалист&quot; (техническое, профильное). ";Сопровождение внедренных решений. Разработка дополнительных модулей. Участие в проектах по внедрению новых решений с участием внешних Подрядчиков. Тестирование решений. Документирование. ;
49;Backend-разработчик;Тюмень;50000.0;75000.0;АРКОНС ГРУПП;2019-11-19T11:01:43+0300;1;3;Полный день;Полная занятость;"Приглашаем в наш молодой коллектив талантливого и опытного PHP-разработчика. Мы ищем ответственного специалиста, который работает на результат, а не просто отсиживается в офисе. Проекты компании растут, ты будешь работать c текущими и новыми:  Два сайта компании, которые входят в ТОП-10 по России. Развитие и доработка корпоративной CRM-системы. Участие в крупных российских и международных проектах.  Твою работу будет видеть вся страна и не только! От тебя мы ждем: - опыт разработки на php 7 (понимание основных паттернов проектирования и применение их на практике);- опыт работы с SOAP и REST запросами- опыт интеграции со сторонними сервисами через API- умение работать с пакетными менеджерами composer- знание и опыт работы с SQL базами данных – join’ы, понимать принцип работы индексов, уметь оптимизировать запросы;- опыт работы с GIT (если что – научим)- знание и опыт верстки HTML5 / CSS3 (LESS/SASS)- знание и опыт работы с Bootstrap 4 / JavaScript (jQuery) Работая с нами, ты получишь:  Официальное оформление в штат молодой, но стабильной компании (на рынке с 2014 г.). Интересные проекты в высокоприбыльных сферах. Условия для профессионального и финансового роста. Отличную работу мы поощряем обучением за счет компании. Оплачиваем результаты, а не просто время, проведенное в офисе (по системе KPI). Современный офис в деловом центре города и комфортабельное рабочее место с шустрым компьютером. Гибкий график, который можно скорректировать, сместить обед и даже при необходимости поработать из дома.   ";;Твою работу будет видеть вся страна и не только! - опыт разработки на php 7 (понимание основных паттернов проектирования и применение...;Развитие и доработка корпоративной CRM-системы.;"JavaScript; jQuery; Less; HTML5; CSS3"
23;Младший программист С++;Санкт-Петербург;73000.0;73000.0;ЗАВОД ГОРЭЛТЕХ;2019-11-19T12:50:22+0300;1;3;Полный день;Полная занятость;"Обязанности:  разработка программ на C/C++ под Windows; поддержка и доработка существующего ПО; участие в разработке программной документации.  Требования:  С++, OpenGL, ООП; знание основных шаблонов проектирования; MSVC, знание Embarcadero Rad Studio, SQL , Git - желательно..  Условия:  оформление по ТД; график работы - 5/2; испытательный срок - 3 месяца; бесплатный комплексный обед, чай/кофе в свободном доступе ; Развозка от ст.м. Ломоносовская, ул. Дыбенко, Купчино, Сестрорецк. ";"  оформление по ТД; график работы - 5/2; испытательный срок - 3 месяца; бесплатный комплексный обед, чай/кофе в свободном доступе ; Развозка от ст.м. Ломоносовская, ул. Дыбенко, Купчино, Сестрорецк. ";С++, OpenGL, ООП. Знание основных шаблонов проектирования. MSVC, знание Embarcadero Rad Studio, SQL , Git - желательно..;Разработка программ на C/C++ под Windows. Поддержка и доработка существующего ПО. Участие в разработке программной документации.;"ООП; SQL; MS Visual Studio; Windows 7; Microsoft Visual Studio"
18;Web-программист / Web-разработчик / PHP-программист Junior;Москва;40000.0;70000.0;РусВент МСК;2019-11-20T16:46:41+0300;1;3;Полный день;Полная занятость;"Обязанности:  Сопровождение сайта компании и административной панели; Поддержка старого и разработки нового функционала; Настройки обменов системы с внутренними и сторонними (1С, Яндекс.Касса и т.п.) Работа с контентом, подразумевающая знание SQL.  Требования:  Опыт работы в области web-программирования от полугода; Желание и умение разбираться в чужом коде; Владение PHP7, умение писать компактный, соответствующий PSR ООП код, придерживаясь принципов KISS, DRY, SOLID; PosgreSQL - иметь представление сложных, вложенных запросах, агрегатных функциях, регулярных выражениях, знать, что такое индексы, триггеры, функции, материализованные представления; HTML, CSS - кросс-браузерная адаптивная верстка; JavaScript – нативный JS и jQuery, замыкания, прототипы; Умение растащить макет в Adobe Photoshop; Способность решать нестандартные задачи, хорошая обучаемость, организованность, грамотное планирование своей работы, выполнение поставленных задач в срок.  Плюсом будет:  опыт в адаптивной вёрстке и Bootstrap; знание базовых паттернов программирования и желание их использовать; базовые знания unix-систем (bash).  Условия:  Работа в динамично развивающейся торговой оптово-розничной компании место работы – м. Тушинская (от метро выделенная полоса, 5-10 мин. общественным транспортом), м. Волоколамская (15 мин. пешком) или м. Мякинино (20 мин. пешком); график работы: 5/2 (с 9:30 до 18); окончательная заработная плата, по результатам собеседования; испытательный срок (1 мес.); оформление по ТК РФ; оплата 2 раза в месяц; система бонусов. ";"  Работа в динамично развивающейся торговой оптово-розничной компании место работы – м. Тушинская (от метро выделенная полоса, 5-10 мин. общественным транспортом), м. Волоколамская (15 мин. пешком) или м. Мякинино (20 мин. пешком); график работы: 5/2 (с 9:30 до 18); окончательная заработная плата, по результатам собеседования; испытательный срок (1 мес.); оформление по ТК РФ; оплата 2 раза в месяц; система бонусов. ";Опыт работы в области web-программирования от полугода. Желание и умение разбираться в чужом коде. Владение PHP7, умение писать...;Сопровождение сайта компании и административной панели. Поддержка старого и разработки нового функционала. Настройки обменов системы с внутренними и сторонними (1...;
77;Junior программист С#;Москва;55000.0;70000.0;АРМО, ГК;2019-11-19T12:52:06+0300;0;0;Полный день;Полная занятость;"Обязанности:  Разработка новой функциональности Анализ существующего кода (поиск и выявление ошибок) Тестирование написанного кода.  Требования:  Знание C# Понимание принципов ООП Английский язык на уровне чтения технической документации Готовность выполнить тестовое задание.  Условия:  оклад обсуждается на собеседовании, премии по итогам работы, оформление по ТК‚ отпускные‚ больничные по ТК; добровольное медицинское страхование (включая стоматологию); график работы: 5/2 с 8-30 до 17-30; дружный коллектив‚ стабильность, обучение, профессиональный рост. ";"  оклад обсуждается на собеседовании, премии по итогам работы, оформление по ТК‚ отпускные‚ больничные по ТК; добровольное медицинское страхование (включая стоматологию); график работы: 5/2 с 8-30 до 17-30; дружный коллектив‚ стабильность, обучение, профессиональный рост. ";Знание C#. Понимание принципов ООП. Английский язык на уровне чтения технической документации. Готовность выполнить тестовое задание.;Разработка новой функциональности. Анализ существующего кода (поиск и выявление ошибок). Тестирование написанного кода.;
14;HTML-верстальщик / Frontend - разработчик;Санкт-Петербург;55000.0;70000.0;Диджитал Веб;2019-11-20T11:37:33+0300;3;6;Полный день;Полная занятость;"Нам требуется профессиональный сотрудник, имеющий опыт в данной сфере. Рассматриваются только резюме с портфолио!!!!! Обязанности:  Верстка адаптивных сайтов (по .psd), без использования фреймворков типа bootstrap;  Требования:   Знание HTML/HTML5, CSS/CSS3; Знание Javascript на уровне jQuery; Опыт валидной, кроссбраузерной и адаптивной верстки; Знание 1С Битрикс (желательно, будет преимуществом) Photoshop на уровне нарезки макетов; Внимательность к мелочам, аккуратность, ответственность, умение работать в команде; Желание учиться и развиваться Перспективы роста до FULL STACK разработчика!   Условия:  Стабильная, успешная, активно развивающаяся компания (входим в тор - 3 авторов на bitrix marketplace / 1 место по Санкт-Петербургу по продажам 1C-Bitrix / 3 место по России) золотой партнер Битрикс; призер конкурсов Рейтинг Рунета Сложные и интересные задачи, реальная возможность быстро профессионально расти и быстро сформировать отличное портфолио; Официальное трудоустройство, социальные гарантии, ДМС (мед. страховка) после испытательного срока При стаже работы в компании предоставляются дополнительные дни к отпуску и надбавки к окладу; Отпуск 28 дней, пятидневка, режим работы с 10.00 до 19.00 (можно скорректировать); Комфортный, стильный офис в пешей доступности от метро Парк Победы (зеленая парковая зона, современная техника, своя кухня, чай, кофе, печенье).  Заработная плата устанавливается по результатам собеседования в зависимости от опыта и квалификации соискателя Отличный коллектив, демократичная обстановка, вменяемое руководство; у нас по домашнему тепло и уютно и мы по настоящему рады каждому новому члену нашей команды     ";"  Стабильная, успешная, активно развивающаяся компания (входим в тор - 3 авторов на bitrix marketplace / 1 место по Санкт-Петербургу по продажам 1C-Bitrix / 3 место по России) золотой партнер Битрикс; призер конкурсов Рейтинг Рунета Сложные и интересные задачи, реальная возможность быстро профессионально расти и быстро сформировать отличное портфолио; Официальное трудоустройство, социальные гарантии, ДМС (мед. страховка) после испытательного срока При стаже работы в компании предоставляются дополнительные дни к отпуску и надбавки к окладу; Отпуск 28 дней, пятидневка, режим работы с 10.00 до 19.00 (можно скорректировать); Комфортный, стильный офис в пешей доступности от метро Парк Победы (зеленая парковая зона, современная техника, своя кухня, чай, кофе, печенье).  Заработная плата устанавливается по результатам собеседования в зависимости от опыта и квалификации соискателя Отличный коллектив, демократичная обстановка, вменяемое руководство; у нас по домашнему тепло и уютно и мы по настоящему рады каждому новому члену нашей команды     ";Внимательность к мелочам, аккуратность, ответственность, умение работать в команде. Желание учиться и развиваться. Перспективы роста до FULL STACK <highlighttext>разработчика</highlighttext>!;Верстка адаптивных сайтов (по .psd), без использования фреймворков типа bootstrap.;"HTML; CSS; CSS3; JavaScript; Adobe Photoshop; Ajax"
84;Аналитик-программист;Москва;70000.0;70000.0;ФГАУ Российский фонд технологического развития;2019-11-20T12:06:58+0300;3;6;Гибкий график;Полная занятость;Вакансия открыта в рамках проекта по интеграции людей с инвалидностью в общественную жизнь и в целях соблюдения требований ст.21 Федерального закона О социальной защите инвалидов Обязанности:  Сбор, обработка и анализ информации Верификация данных, свод отчетности Выявление и исправление ошибок в данных и в их рубрикации Участие в разработке и тестировании информационных систем с целью совершенствования процесса ведения нормативно-справочной информации Анализ исходных данных, формирование предложений/рекомендаций по улучшению качества ведения данных  Требования:  Высшее образование Знание методов сбора, оценки и анализа информации Знание программ ПК ( Word, Excel, Outlook) Аналитический склад ума  Условия:  Работа в государственном учреждении Полное соблюдение трудового законодательства ДМС, включая стоматологию Заработная плата белая, указан gross     ;  Работа в государственном учреждении Полное соблюдение трудового законодательства ДМС, включая стоматологию Заработная плата белая, указан gross     ;Высшее образование. Знание методов сбора, оценки и анализа информации. Знание программ ПК ( Word, Excel, Outlook). Аналитический склад ума.;Сбор, обработка и анализ информации. Верификация данных, свод отчетности. Выявление и исправление ошибок в данных и в их рубрикации. ;"Пользователь ПК; Работа с базами данных; Программирование; Тестирование пользовательского интерфейса"
52;Инженер-программист;Санкт-Петербург;70000.0;70000.0;ДИАЛОГ;2019-11-20T17:26:20+0300;1;3;Полный день;Полная занятость;"ООО «Диалог» - одна из крупнейших дистрибьюционно-логистических компаний в Северо-Западном регионе России, специализирующаяся на работе с продуктами питания . Обязанности:  Разработка Хранилища данных на платформе MS SQL Server; Разработка и сопровождение корпоративного программного обеспечения Разработка клиентских интерфейсов и шаблонов отчётов; Задачи разного уровня сложности, преимущественно связанные со складским и бухгалтерским учетом, внутренним документооборотом компаний, поддержкой внутренних бизнес-процессов, интеграции разнородных систем;    Требования:  Образование – высшее; Знание MS SQL, навыки написания и оптимизации сложных запросов, создании хранимых процедур, представлений; Опыт поддержки баз данных, разработки клиент-серверных приложений в MS SQL;   Знание T-SQL, VB script, Delphi, Java, C#/   Навыки разработки интерфейсов, аналитических отчётов.   Умение быстро ориентироваться в существующем коде; Опыт взаимодействия с Заказчиком при формировании бизнес-требований к разработке, при вводе систем в эксплуатацию и последующем сопровождении; Хорошие коммуникативные навыки, бесконфликтность, быстрая обучаемость, умение работать в команде, умение проводить технический анализ задачи, умение документировать свою работу.  Приветствуется  Знания в области интеграции различных систем, электронного обмена данными между приложениями Опыт работы с программами по ведению бухгалтерской и финансовой отчетности Опыт работы с XML ,JSON    Для нас важны такие качества как:  Умение планировать время и оценивать свои силы на поставленные задачи; Ответственность; Нацеленность на результат;    Условия:  Нормированный 8-часовой рабочий день понедельник-пятница с 9.00 до 18.00 5/2; Оформление согласно ТК РФ; Работа в команде профессионалов; Работа в Колпино. Развозка от м.Купчино.   ";"  Нормированный 8-часовой рабочий день понедельник-пятница с 9.00 до 18.00 5/2; Оформление согласно ТК РФ; Работа в команде профессионалов; Работа в Колпино. Развозка от м.Купчино.   ";Образование – высшее. Знание MS SQL, навыки написания и оптимизации сложных запросов, создании хранимых процедур, представлений. Опыт поддержки баз данных, разработки...;Разработка Хранилища данных на платформе MS SQL Server. Разработка и сопровождение корпоративного программного обеспечения. Разработка клиентских интерфейсов и шаблонов отчётов. ;
89;Стажер/программист-математик в области искусственного интеллекта (Data Science, Deep Learning);Екатеринбург;;70000.0;WSS-Consulting;2019-11-15T10:25:18+0300;0;0;Полный день;Полная занятость;  Требования:  Оконченное высшее образование или студент старших курсов, готовый работать полную рабочую неделю (40ч.) (вечернее/заочное отделение) Сильная математическая подготовка (матан, линейная алгебра) Базовые знание любого языка программирования Системное мышление, умение и желание решать логические задачи, продумывать алгоритмы Желание развиваться в области Data Science, Deep Learning    Мы предлагаем:  Обучение основам Deep Learning Задачи в области искусственного интеллекта  создание и обучение нейронных сетей для диагностики медицинских патологий по изображениям радиологии МРТ/КТ/Рентген и пр.) смысловой анализ текстов (договоров, приказов и пр.) распознавание речи, создание голосовых помощников для системы электронного документооборота   Полноценное использование ваших способностей на интересных и сложных задачах Профессиональный рост и развитие в самой перспективной области ближайшего десятилетия    Условия:  Стажировка с обучением занимает 3 месяц, при этом для контроля усвоения материала регулярно проводится выполнение тестовых заданий и опросы Работа на полный рабочий день в офисе Комфортабельный офис, в современном Бизнес-центре Чай, кофе в любое время в обеденной зоне ;  Обучение основам Deep Learning Задачи в области искусственного интеллекта  создание и обучение нейронных сетей для диагностики медицинских патологий по изображениям радиологии МРТ/КТ/Рентген и пр.) смысловой анализ текстов (договоров, приказов и пр.) распознавание речи, создание голосовых помощников для системы электронного документооборота   Полноценное использование ваших способностей на интересных и сложных задачах Профессиональный рост и развитие в самой перспективной области ближайшего десятилетия    Условия:  Стажировка с обучением занимает 3 месяц, при этом для контроля усвоения материала регулярно проводится выполнение тестовых заданий и опросы Работа на полный рабочий день в офисе Комфортабельный офис, в современном Бизнес-центре Чай, кофе в любое время в обеденной зоне ;Оконченное высшее образование или студент старших курсов, готовый работать полную рабочую неделю (40ч.) (вечернее/заочное отделение). Сильная математическая подготовка...;Обучение основам Deep Learning. Задачи в области искусственного интеллекта. Создание и обучение нейронных сетей для диагностики медицинских патологий по изображениям...;
90;Инженер-программист/ инженер-программист III категории;Санкт-Петербург;48200.0;66000.0;Вест-Инжиниринг;2019-11-19T12:10:56+0300;0;0;Полный день;Полная занятость;"Обязанности: - разработка программного обеспечения для программируемого логического контроллера (PLC), для верхнего уровня (HMI – панели оператора, SCADA – системы); - участие в подготовке документации к приемочным и приемо-сдаточным испытаниям; - участие в пусконаладочные работах на объекте; - участие в подборе оборудования и предложение различных технических решений. Требования: - в/о, с/о техническое. Возможно студенты последних курсов в/о; - наличие любого опыта в разработке и программировании программного обеспечения для HMI или PLC приветствуется; - желательно наличие опыта самостоятельной реализации проектов на оборудовании HMI и PLC следующих производителей: Siemens, Schneider, Pro-face, Omron, Wago. Условия: - офис расположен на ул. Маршала Новикова (от м. Пионерская, м. Комендантский пр. имеется развозка). - режим работы 5/2 с 09.30 до 18.00."; - офис расположен на ул. Маршала Новикова (от м. Пионерская, м. Комендантский пр. имеется развозка). - режим работы 5/2 с 09.30 до 18.00.;в/о, с/о техническое. Возможно студенты последних курсов в/о. - наличие любого опыта в разработке и программировании программного обеспечения...;разработка программного обеспечения для программируемого логического контроллера (PLC), для верхнего уровня (HMI – панели оператора, SCADA – системы). - участие в подготовке документации...;"АСУ ТП; AutoCAD; MS Visio; MS Excel"
11;Инженер-программист;Екатеринбург;55000.0;65000.0;НИПИГОРМАШ;2019-11-19T10:14:50+0300;1;3;Полный день;Полная занятость;Обязанности:  Поиск и устранение неисправностей на готовом изделии. Проверка алгоритмов работы оборудования. Диагностика, внесение корректировок в работу оборудования.  Требования:  Знание TIA Portal. Знание основ Pascal/Delphi. Понимание протоколов Modbus RTU/TCP. Понимание интерфейсов 4-20мА, RS485, CAN. Умение настраивать TPM фирмы OBEH. Понимание принципов работы частотных преобразователей и принципов их настройки. Личные качества: желание учиться и развиваться, 100% персональная ответственность за результаты работы. Готовность к командировкам.  Условия:  Мы предлагаем работу в динамично развивающейся компании с интересными международными проектами. Мы создаем комфортные условия для саморазвития обучения и профессионального роста. Профессиональное обучение за счет средств компании. Мы прозрачны и стабильны в рамках трудового законодательства. Выплата заработной платы 2 раза в месяц на банковскую карту. Ежегодная индексация, выплата 13 заработной платы. Место работы: Вторчермет. Уважаемые кандидаты! Опубликованные требования базовые и не являются исчерпывающими. ;  Мы предлагаем работу в динамично развивающейся компании с интересными международными проектами. Мы создаем комфортные условия для саморазвития обучения и профессионального роста. Профессиональное обучение за счет средств компании. Мы прозрачны и стабильны в рамках трудового законодательства. Выплата заработной платы 2 раза в месяц на банковскую карту. Ежегодная индексация, выплата 13 заработной платы. Место работы: Вторчермет. Уважаемые кандидаты! Опубликованные требования базовые и не являются исчерпывающими. ;Знание TIA Portal. Знание основ Pascal/Delphi. Понимание протоколов Modbus RTU/TCP. Понимание интерфейсов 4-20мА, RS485, CAN. ;Поиск и устранение неисправностей на готовом изделии. Проверка алгоритмов работы оборудования. Диагностика, внесение корректировок в работу оборудования.;
7;Инженер-программист;Тюмень;37000.0;63000.0;Связьтранснефть;2019-11-18T15:33:55+0300;3;6;Полный день;Полная занятость;Обязанности: Администрирование серверов Windows (Active Directory, DNS, DHCP, HyperV, MSSQL, PowerShell, GPO, WSUS, VMware, Citrix). СХД. Microsoft Exchange. Контроль и обеспечение резервного копирования и антивирусной безопасности на серверах. Работа в режиме ServiceDesk, исполнение запросов. Консультирование и техническая поддержка локальных и удаленных пользователей. Настройка и мелкий ремонт огртехники. Оформление документации, инструкций . Внедрение новых продуктов и решений.   Требования: высшее профессиональное образование, опыт работы не менее 3-х лет Условия: коллективный договор работа, ВРЕМЕННАЯ, на  1 год  ; коллективный договор работа, ВРЕМЕННАЯ, на  1 год  ;Администрирование серверов Windows (Active Directory, DNS, DHCP, HyperV, MSSQL, PowerShell, GPO, WSUS, VMware, Citrix). СХД. Microsoft Exchange. Высшее профессиональное образование...;Контроль и обеспечение резервного копирования и антивирусной безопасности на серверах. Работа в режиме ServiceDesk, исполнение запросов. Консультирование и техническая поддержка...;"Active Directory; Citrix; PowerShell; WSUS; Windows Server 2003"
85;Junior Web разработчик;Москва;20000.0;60000.0;Carbon Soft;2019-11-20T12:04:46+0300;1;3;Гибкий график;Полная занятость;Компания Carbon Soft ищет веб разработчика, идущего в ногу со временем и желающего постоянно развиваться. В основном наш коллектив состоит из молодых (20-29 лет) разработчиков, являющихся профессионалами в своих специализациях. Просьба прислать ссылку на GitHub/GitLab/другой ресурс со своими проектами. Обязанности:   Backend разработка веб-служб на Python.   Frontend верстка интерфейсов веб-служб.   Требования:   Любить программирование.   Опыт программирования на Python.   Знание git или другой системы контроля версий.   Опыт работы с Framework Django, Flask или подобными.   Умение работать с ОС Linux, СУБД.   Наличие аккаунта на GitHub с собственными проектами.   Желательные навыки:   Владение любым из перечисленных ниже навыков является плюсом.   Опыт программирования на SQL.   Знание Интернета, веб-технологий, фреймворков и т.д.   Привычка читать профессиональную литературу и развиваться.   Опыт интеграции сторонних сервисов через API.   Опыт программирования на Bash.   Условия:   Место работы: офис г. Москва в 6-ти минутах от м. проспект Вернадского.   8 часовой рабочий день (с 10:00 до 18:00 или с 11:00 до 19:00).   За счет компании: обеды, чай, кофе, плюшки, Playstation 4.   Оплачиваемое обучение и покупка литературы. Возможность бесплатно посещать IT-конференции по Вашей профессии.   Наши сотрудники любят не только программировать, но и проводить вместе свободное время: Playstation 4, бары, лыжи, скалодромы, каток.  ;   Место работы: офис г. Москва в 6-ти минутах от м. проспект Вернадского.   8 часовой рабочий день (с 10:00 до 18:00 или с 11:00 до 19:00).   За счет компании: обеды, чай, кофе, плюшки, Playstation 4.   Оплачиваемое обучение и покупка литературы. Возможность бесплатно посещать IT-конференции по Вашей профессии.   Наши сотрудники любят не только программировать, но и проводить вместе свободное время: Playstation 4, бары, лыжи, скалодромы, каток.  ;Любить программирование. Опыт программирования на Python. Знание git или другой системы контроля версий. Опыт работы с Framework Django, Flask или...;Backend разработка веб-служб на Python. Frontend верстка интерфейсов веб-служб.;"Python; HTML; HTML5; CSS; CSS3; JavaScript; Django Framework; Linux; Git; Flask; SQL"
40;Ведущий инженер/системный программист;Тюмень;30000.0;60000.0;ГАУ ТО ЦЗН города Тюмени и Тюменского района;2019-11-20T06:57:15+0300;0;0;Полный день;Полная занятость;"Обязанности:  Оформление задачи в бланке заявки на разработку/доработку Интернет-ресурса, экстренное устранение проблем в работе ресурсов АГТ, срочное устранение сбоев в работе сайтов, а также корректировка информации; разработка новых модулей, доработка и исправление модулей на официальном портале Администрации города Тюмени, муниципальных Интернет-ресурсах; разработка новых муниципальных Интернет-ресурсов; доработка скриптов для муниципальных Интернет-ресурсов; разработка скриптов для автоматизации обновления различных баз данных на официальном портале Администрации города Тюмени, муниципальных Интернет-ресурсах; разработка и согласование технических заданий; консультации по работе систем администрирования муниципальных Интернет-ресурсов.  Требования:   нет требований к стажу Стрессоустойчивость,Ответственность,Уверенный пользователь компьютера,Умение работать в команде   Высшее образование   знание: основ форматирования с использованием HTML, CSS, управление контентом с помощью XML, WEB-технологий; графических редакторов необходимых для верстки дизайна и макета (Adobe Photoshop); языков программирования (PHP, SQL, JavaScript). стандарты HTTP, сервер БД (MySQL), основ обеспечения комплексной безопасности веб-сервера.   Условия:   официальное трудоустройство, полный соц пакет   офис в центре города   все подробности по вакансии обсуждаются при собеседовании   адрес рабочего места, офис: г. Тюмень, ул. Первомайская   своевременная выплата заработной платы   стабильный доход, бюджетная организация   оклад  хороший, дружный коллектив ждем Ваши резюме ";   официальное трудоустройство, полный соц пакет   офис в центре города   все подробности по вакансии обсуждаются при собеседовании   адрес рабочего места, офис: г. Тюмень, ул. Первомайская   своевременная выплата заработной платы   стабильный доход, бюджетная организация   оклад  хороший, дружный коллектив ждем Ваши резюме ;Нет требований к стажу. Стрессоустойчивость,Ответственность,Уверенный пользователь компьютера,Умение работать в команде. Высшее образование. Знание: основ форматирования с использованием...;Оформление задачи в бланке заявки на разработку/доработку Интернет-ресурса, экстренное устранение проблем в работе ресурсов АГТ, срочное устранение сбоев...;
70;Младший программист Delphi;Санкт-Петербург;30000.0;60000.0;Бизнес Технологии;2019-11-18T12:05:47+0300;0;0;Полный день;Полная занятость;Приглашает к сотрудничеству начинающих и опытных разработчиков.Обязанности:  Разработка десктопного клиентского приложения ERP системы Глобал Реализация новой функциональности, исправление ошибок Написание модульных тестов  Требования:  Знание одного из объектно-ориентированных языков Уверенное знание ООП Минимальная алгоритмическая подготовка Вы можете ответить на вопросы: что такое указатель? и чем отличается массив от списка? Самое важное: желание учиться и профессионально развиваться  Приветствуется:  Опыт создания визуальных и невизуальных компонентов Опыт работы с реляционными СУБД Знание UML и методологий разработки ПО Любые знания из сферы IT и Computer Science  Условия:  Мы пишем модульные и интеграционные тесты, проводим ревью кода, используем гибкие методологии разработки, выполняем непрерывную сборку проекта, используем Git, UML. Для создания приложения используем сторонние компоненты ODAC, DevExpress, TMS Scripter, Fast Report, Python, CEF(Chronium) и др. Постоянно совершенствуем методологии разработки и повышаем свою эффективность. По договоренности гибкий график Обширные возможности для профессионального и карьерного роста Впоследствии возможен переход в проект на Java Конкурентная заработная плата, премии. Заработная плата определяется по результатам собеседования. Оформление по ТК, белая ЗП. ;  Мы пишем модульные и интеграционные тесты, проводим ревью кода, используем гибкие методологии разработки, выполняем непрерывную сборку проекта, используем Git, UML. Для создания приложения используем сторонние компоненты ODAC, DevExpress, TMS Scripter, Fast Report, Python, CEF(Chronium) и др. Постоянно совершенствуем методологии разработки и повышаем свою эффективность. По договоренности гибкий график Обширные возможности для профессионального и карьерного роста Впоследствии возможен переход в проект на Java Конкурентная заработная плата, премии. Заработная плата определяется по результатам собеседования. Оформление по ТК, белая ЗП. ;"Знание одного из объектно-ориентированных языков. Уверенное знание ООП. Минимальная алгоритмическая подготовка. Вы можете ответить на вопросы: &quot;что такое указатель...";Разработка десктопного клиентского приложения ERP системы Глобал. Реализация новой функциональности, исправление ошибок. Написание модульных тестов.;
14;PHP-программист (Junior);Новосибирск;30000.0;60000.0;ИОМ Анкетолог;2019-11-18T14:46:46+0300;0;0;Полный день;Полная занятость;Anketolog - сервис для создания онлайн-опросов и проведения исследований. Наша компания является Новосибирским инновационным интернет-проектом существующим с 2010 года. Мы ищем целеустремленного, ответственного разработчика на PHP, который способен быстро подключиться к работе над проектом. Необходимые навыки и знания:  Хорошие знания PHP 5+ Понимание ООП (классы, наследование, интерфейсы, трейты, паттерны и пр.) Понимание принципов MVC Знание HTML, CSS и Javascript Знание SQL (индексы, джоины и пр.)  Будет плюсом:  Знание фреймворков Yii, Symfony Опыт работы с mongodb, sphinx, elasticsearch Опыт работы с Javascript библиотеками: backbonejs, marionettejs, react Опыт работы с системами правления версиями (git)  Мы можем предложить:  Собственный крупный интернет-проект Молодой, дружный коллектив Много интересных задач Работа в офисе в центре города Своевременная и в полном объеме выплата заработной платы Стабильная компания с хорошим опытом работы Заработная плата по договоренности в зависимости от вашей квалификации (внимательно выслушаем ваши пожелания на счет оплаты и рабочего графика).  Качества:  Пунктуальность, ответственность. Готовность выполнить небольшое тестовое задание. ;;Необходимые навыки и знания: Хорошие знания PHP 5+. Понимание ООП (классы, наследование, интерфейсы, трейты, паттерны и пр.). ;;"Yii; PHP; CSS3; JavaScript; jQuery; Backbone"
18;Программист;Тюмень;40000.0;60000.0;Тюменский кардиологический центр;2019-11-06T09:37:42+0300;0;0;Полный день;Полная занятость;Обязанности:    Сопровождение программ на 1С 8.3 Настройка и сопровождение обмена данными между базами Консультирование пользователей по вопросам работоспособности ПО Доработка программ на 1С 8.3  Требования:  Высшее профессиональное образование Опыт сопровождения и доработки конфигураций на платформе 1С 8.3, обновление типовых доработанных конфигураций Умение работать в группе программистов  Условия:   25 000 — 60 000 руб. Тюменский кардиологический научный центр Тюмень, Ленинский район, Мельникайте,   Полный рабочий день Полная занятость  ;   25 000 — 60 000 руб. Тюменский кардиологический научный центр Тюмень, Ленинский район, Мельникайте,   Полный рабочий день Полная занятость  ;Опыт сопровождения и доработки конфигураций на платформе 1С 8.3, обновление типовых доработанных конфигураций. Умение работать в группе <highlighttext>программистов</highlighttext>.;Сопровождение программ на 1С 8.3. Настройка и сопровождение обмена данными между базами. Консультирование пользователей по вопросам работоспособности ПО. ;
86;Инженер-программист;Тюмень;40000.0;60000.0;Теплолюкс-Тюмень;2019-11-16T21:03:06+0300;3;6;Полный день;Полная занятость;"Обязанности: Разработка ПО для контроллеров ОВЕН, WAGO, SIEMENS Требования: Требуется знание:руководящие и нормативные материалы, регламентирующие методы разработки алгоритмов и программ и использования вычислительной техники при обработке информации;- основные принципы структурного программирования;- виды программного обеспечения;- технологию автоматической обработки информации и кодирования информации;- формализованные языки программирования. Условия:Официальное трудоустройство.Полный соцпакет. Высшее законченное электротехническое образование (очная форма обучения)по специальностям: «Автоматизация технологических процессов и производств», «Автоматизированные системы обработки информации и управления», «Автоматизация и управление», «Управление и информатика в технических системах». «Информатика и вычислительная техника», «Электроснабжение»опыт программирования контроллеров ОВЕН, WAGO, SIEMENS;знание электроники, электротехники, принципов работы оборудования КИПиА, электрооборудованияопыт работы с оборудованием промышленной автоматизации, электрооборудованием;понимание нормативной базы, предъявляемой к создаваемым документам и системам: ПУЭ, ГОСТы, ПБ, ФЗ;Уверенное владение ПК, MS Office, AutoCad, EPLAN Electric";"Официальное трудоустройство.Полный соцпакет. Высшее законченное электротехническое образование (очная форма обучения)по специальностям: «Автоматизация технологических процессов и производств», «Автоматизированные системы обработки информации и управления», «Автоматизация и управление», «Управление и информатика в технических системах». «Информатика и вычислительная техника», «Электроснабжение»опыт программирования контроллеров ОВЕН, WAGO, SIEMENS;знание электроники, электротехники, принципов работы оборудования КИПиА, электрооборудованияопыт работы с оборудованием промышленной автоматизации, электрооборудованием;понимание нормативной базы, предъявляемой к создаваемым документам и системам: ПУЭ, ГОСТы, ПБ, ФЗ;Уверенное владение ПК, MS Office, AutoCad, EPLAN Electric";Руководящие и нормативные материалы, регламентирующие методы разработки алгоритмов и программ и использования вычислительной техники при обработке информации. - основные принципы структурного...;Обязанности: Разработка ПО для контроллеров ОВЕН, WAGO, SIEMENS. - виды программного обеспечения. - технологию автоматической обработки информации и кодирования информации. - ;
35;Junior C# разработчик;Новосибирск;40000.0;60000.0;FullStack;2019-11-20T12:36:19+0300;1;3;Полный день;Полная занятость;Компания занимается разработкой нескольких крупных веб проектов для западного рынка в области недвижимости, рекламы и управления контентом. Готовы рассмотреть программистов не имеющих опыта в разработке, но желающих развиваться в сфере веб технологий на платформе .NET. В таком случае обязательно присылайте ссылку на примеры вашего кода в GitHub. В компании качество кода ценится превыше всего, поэтому аккуратность, внимательность к деталям и перфекционизм будут оценены и могут компенсировать недостаток технических знаний на начальном этапе.   Требования:  Основные требования:  C# ООП   Желательно:  HTML Javascript   Не технические требования:  Английский на уровне чтения/понимания без словаря      Обязанности и задачи:  Разработка frontend/backend    Условия:  40 часовая рабочая неделя в офисе (гибкий график) Устройство по ТК Оплачиваемые занятия спортом Оплачиваемое питание Офис в центре города рядом с метро Использование всего спектра современных инструментов доступных для улучшения качества разработки: ReSharper, CI, юнит и интеграционное тестирование, Upsource (code review), GitHub, Slack ;  40 часовая рабочая неделя в офисе (гибкий график) Устройство по ТК Оплачиваемые занятия спортом Оплачиваемое питание Офис в центре города рядом с метро Использование всего спектра современных инструментов доступных для улучшения качества разработки: ReSharper, CI, юнит и интеграционное тестирование, Upsource (code review), GitHub, Slack ;Основные требования: C#. ООП. Желательно: HTML. Javascript. Не технические требования: Английский на уровне чтения/понимания без словаря.;Разработка frontend/backend.;
32;Программист-разработчик 1С (Junior);Санкт-Петербург;60000.0;60000.0;Деньги на дом;2019-11-20T12:12:44+0300;0;0;Полный день;Полная занятость;Обязанности:  Доработка и сопровождение типовых (БП, ЗУП) конфигураций на платформе 1С 8.x Работа и взаимодействие с внешними сервисами и программными модулями Сопровождение и разработка конфигурации на базе 1С, написанной с 0 и взаимодействие ее с управленческой бухгалтерией. Расширение функционала, разработка новых модулей, отчетов и обработок. Сопровождение и консультирование внутренних пользователей.  Требования:  Высшее образование. Рассмотрим начинающих специалистов, готовых учиться, набираться опыта. Опыт программирования на платформе 1С 8.x желателен Опыт работы с базами данных Опыт работы в сети партнеров 1С: Франчайзинг - приветствуется Наличие своего портфолио (примеры своего «кода» в среде 1С) Обучаемость и исполнительность  Условия:  Работа в комфортном офисе в Центре города. Оформление и социальный пакет согласно ТК РФ. Компенсация мобильной связи. ;  Работа в комфортном офисе в Центре города. Оформление и социальный пакет согласно ТК РФ. Компенсация мобильной связи. ;Высшее образование. Рассмотрим начинающих специалистов, готовых учиться, набираться опыта. Опыт программирования на платформе 1С 8.x желателен. ;Доработка и сопровождение типовых (БП, ЗУП) конфигураций на платформе 1С 8.x. Работа и взаимодействие с внешними сервисами и...;"1С: Бухгалтерия; 1С программирование; 1С: Предприятие 8; 1С: Документооборот"
43;Kotlin программист;Санкт-Петербург;;60000.0;BUIDL LLC;2019-11-20T10:52:16+0300;1;3;Гибкий график;Проектная работа;"Компания BUIDL - это # современные стек технологии; # интересная предметная область, финансы и блокчейн; # современные архитектурные подходы; # гибкие условия по графику, нет лишнего формализма; свободный подход в общении в коллективе; # разработка технически сложных систем. # разнообразные направления проектов от более близких к “железу” до высоконагруженных и высокодоступных финансовых и информационных сервисов. # крутая и дружная команда, стремительно мчим в будущее , ищем сильных и проактивных игроков, скучно не будет )   Приглашаем программиста-разработчика Kotlin для доработки и переработки Android приложения криптовалютного кошелька-биржи (только Front-End часть, связь с Back по REST API, WSS). Задачи:  Анализ и погружение в существующий проект; Командная доработка приложения (Меняем Kotlin программиста); Подготовка рефакторинга и ребилда приложения; Участие в проектировании    Мы ждем от вас:  Желание решать сложные и нестандартные задачи; Опыт коммерческой мобильной разработки; Понимание работы криптовалют и торговых систем (биржи, фондовые рынки, маркетплейсы)    Условия:   Трудоустройство по ТК РФ   Участие в интересных проектах   Обеспечение всей необходимой техникой   Комфортный офис напротив метро Петроградская   Кухня, завтраки, кофе\чай\сладости\фрукты.   Рост и бонусы   Молодой и дружелюбный коллектив     /Будем благодарны за подробную информацию о себе в отклике/";   Трудоустройство по ТК РФ   Участие в интересных проектах   Обеспечение всей необходимой техникой   Комфортный офис напротив метро Петроградская   Кухня, завтраки, кофе\чай\сладости\фрукты.   Рост и бонусы   Молодой и дружелюбный коллектив     /Будем благодарны за подробную информацию о себе в отклике/;Желание решать сложные и нестандартные задачи. Опыт коммерческой мобильной разработки. Понимание работы криптовалют и торговых систем (биржи, фондовые рынки, маркетплейсы).;Анализ и погружение в существующий проект. Командная доработка приложения (Меняем Kotlin <highlighttext>программиста</highlighttext>). Подготовка рефакторинга и ребилда приложения. Участие в проектировании.;"Android; KOTLIN; Websockets; Git; Atlassian Jira; API; HTML; CSS; Android SDK"
41;Программист;Тюмень;40000.0;55000.0;ГАУ ТО ЦЗН города Тюмени и Тюменского района;2019-11-20T06:57:19+0300;0;0;Полный день;Полная занятость;"Обязанности:   Ваша работа будет заключаться в ... - Консультации пользователей по вопросам работы в программных продуктах 1С (УПП, Бухгалтерия, ЗУП); - Программировании и доработке конфигураций 1С в соответствии с техническими заданиями; - Мониторинге выхода новых типовых конфигураций необходимых для обновления программ на базе 1С, контроль изменений в новых конфигурациях; - Разработке конфигурации в 1С по представленным техническим заданиям других отделов и подразделений предприятия.  Требования:   нет требований к стажу Работа с компьютером на профессиональном уровне Эта работа для Вас если… - Вы имеете высшее техническое образование; - Умеете проектировать информационные системы и базы данных, владеть встроенным языком программирования 1С, имеете опыт программирования в иных формализованных языках программирования; - Ориентируетесь в основных конфигурациях 1С связанных с функционированием средних и крупных предприятий; - Знаете устройство и принципы работы операционных систем и компьютерной техники; - Умеете работать в режиме многозадачности.   Условия:   Пятидневная рабочая неделя с 8-00 до 17-00   оформление в рамках трудового законодательства   Повременно-премиальная оплата труда  Адрес рабочего места: рп Винзили, р-н Тюменский, ул Вокзальная развозка людей питание в столовой обучение за счет работодателя вакансия рассматривается по результатам изучения резюме ";   Пятидневная рабочая неделя с 8-00 до 17-00   оформление в рамках трудового законодательства   Повременно-премиальная оплата труда  Адрес рабочего места: рп Винзили, р-н Тюменский, ул Вокзальная развозка людей питание в столовой обучение за счет работодателя вакансия рассматривается по результатам изучения резюме ;Нет требований к стажу. Работа с компьютером на профессиональном уровне. Эта работа для Вас если…. - Вы имеете высшее техническое образование. - ;Ваша работа будет заключаться в ... - Консультации пользователей по вопросам работы в программных продуктах 1С (УПП, Бухгалтерия, ЗУП). - ;
20;Младший веб-программист (junior web developer);Тюмень;20000.0;50000.0;Компания Эхо;2019-10-30T09:38:44+0300;0;0;Полный день;Полная занятость;Обязанности:  Отсутствие опыта работы перекроется стремлением осваивать новые знания, быстро втягиваться в рабочий процесс, умением самостоятельно изучить материал и внедрить эти знания на практике. Предстоит разработка и поддержка интернет-проектов разной степени сложности. На первых этапах под руководством опытного наставника - простые задачи, с параллельным изучением всей области, в которой предстоит далее работать. Затем поставленные задачи и объем выполнения будут увеличиваться по мере получения опыта, соответственно рост зарплаты тоже . Важно в кандидате на вакансию – поставленная цель в профессиональном росте, развитии новых горизонтов тех знаний, которые уже есть.  Требования:  Знание php, html, javascript, mysql Приветствуется знание cms Bitrix, Shop-script Основы работы в linux Умение искать информацию, самообучение  Условия:   Официальное трудоустройство Достойная оплата в соответствии со знаниями, навыками и результатами Поощрение в реализации профессиональных амбиций Дружный коллектив специалистов, который обменивается опытом и развивается вместе, есть возможности для развития – внутреннее обучение, мастер-классы для сотрудников Корпоративные мероприятия (по пятницам мы любим играть в «Мафию» и другие игры, устраиваем банкеты и празднуем Дни Рождения) Возможность поспать – гибкий график: не можешь встать в 7 утра? Приходи на работу позже, но у нас полный рабочий день В офисе комфортные условия - мощные компьютеры, два монитора, кофе, чай, снэки ;   Официальное трудоустройство Достойная оплата в соответствии со знаниями, навыками и результатами Поощрение в реализации профессиональных амбиций Дружный коллектив специалистов, который обменивается опытом и развивается вместе, есть возможности для развития – внутреннее обучение, мастер-классы для сотрудников Корпоративные мероприятия (по пятницам мы любим играть в «Мафию» и другие игры, устраиваем банкеты и празднуем Дни Рождения) Возможность поспать – гибкий график: не можешь встать в 7 утра? Приходи на работу позже, но у нас полный рабочий день В офисе комфортные условия - мощные компьютеры, два монитора, кофе, чай, снэки ;Отсутствие опыта работы перекроется стремлением осваивать новые знания, быстро втягиваться в рабочий процесс, умением самостоятельно изучить материал и внедрить эти...;;"PHP; MySQL; JavaScript; CSS; jQuery; HTML5; ООП; Bootstrap; Yii; 1С-Битрикс; Shop Script; Git"
81;Программист в отдел тестирования;Тюмень;30000.0;50000.0;Сервис заказа такси Максим;2019-11-18T14:25:58+0300;1;3;Полный день;Полная занятость;"Максим ищет программиста в отдел тестирования в Екатеринбурге, Челябинске, Тюмени, Кургане и Набережных Челнах. Кто мы:- IT-компания, предоставляющая облачное решение в сфере такси.К проекту подключено большое количество компаний, среди которых как мелкие региональные игроки, так и компании с мировым именем, с сотнями городов и десятками стран присутствия. Что у нас есть:Активно меняющийся и развивающийся сервис, находящийся 24/7 под высокой нагрузкой от тысяч операторов и менеджеров, от десятков тысяч клиентов и водителей. Сервис, обслуживающий более миллиона заказов в сутки! Кого мы хотим найти:- человека владеющего одним из современных языков программирования C#, Java, php, Go;- очень желателен опыт работы с sql, Soap, git;- с пониманием что тесты нужны и того какие виды тестирования бывают;- обязательно: быть ответственным, трудолюбивым, писать понятный код и иметь огромное желание развиваться. Что мы предлагаем:- множество интересных задач;- дружелюбный коллектив;- корпоративное обучение;- поездки на it-конференции;- комфортное рабочее место;- компенсацию питания;- бесплатные корпоративные мероприятия (Новый Год, командные выезды и движухи);- уровень заработной платы, который зависит от технических знаний и навыков (+ регулярный пересмотр, если вы растете).";;очень желателен опыт работы с sql, Soap, git. - с пониманием что тесты нужны и того какие виды тестирования бывают. - ;;
88;PHP-разработчик;Екатеринбург;30000.0;50000.0;Хоум Пицца;2019-11-18T12:20:01+0300;1;3;Полный день;Полная занятость;В команду разработки собственных проектов службы доставки Хоум-Пицца требуется PHP-разработчик. Ты нам подходишь, если: - Имеешь опыт разработки на PHP (мы используем 7) - Знаком с любым PHP фреймворком, например, Symfony или Laravel - Знаешь, как писать правильные SQL запросы (у нас MySQL) - Имеешь знакомство с AngularJS, JS, HTML, CSS - Понимаешь для чего нужен Git и как им пользоваться - Готов разбираться в чужом коде Что предстоит делать: - Сопровождение и модернизация существующих проектов компании - Участие в проектировании и разработке новых сервисов Мы предлагаем: - Молодой дружный коллектив - Удобный график работы - Официальное трудоустройство согласно ТК РФ - Достойный уровень заработной платы, выплачивается своевременно, 2 раза в месяц  ; - Молодой дружный коллектив - Удобный график работы - Официальное трудоустройство согласно ТК РФ - Достойный уровень заработной платы, выплачивается своевременно, 2 раза в месяц  ;Имеешь опыт разработки на PHP (мы используем 7). - Знаком с любым PHP фреймворком, например, Symfony или Laravel. - Знаешь, как писать...;Что предстоит делать: - Сопровождение и модернизация существующих проектов компании. - Участие в проектировании и разработке новых сервисов.;"MySQL; Git; AngularJS; JavaScript; PHP"
67;Старший программист 1С;Новосибирск;30000.0;50000.0;РитейлСервис Автоматизация;2019-11-20T09:44:29+0300;3;6;Полный день;Полная занятость;"Обязанности:  Работа над внутренним проектом компании. Автоматизация предприятий на платформе 8. Решение поставленных задач путем внесения изменений в программный код 1С конфигурации. Участие во внедрении 1С:Предприятия у клиента. Составление технической документации. Написание обработок и отчетов. Обновление типовых и нетиповых конфигураций, установка ПП 1С.    Требования:  Опыт работы с базами данных. Знание основ бухгалтерского учета. Знание языка структурированных запросов SQL на профессиональном уровне (опыт написания сложных запросов, триггеров, хранимых процедур). Знание типовых конфигураций 1С. Управление торговлей и 1С.Розница на уровне администратора. Знание политики лицензирования 1С, представление о работе платформы, регистрах, ключах и прочее. Знание встроенного языка 1С: Предприятия 8; опыт администрирование 1С. Наличие сертификатов 1С: Профессионал, Специалист приветствуется. Вежливое, располагающее общение, хорошо поставленная грамотная речь. Самоорганизованность.    Условия:  Заработная плата - оклад + премия. Официальное трудоустройство. Сертификация за счет компании. Профессиональный и карьерный рост. Постоянная работа в Новосибирске, возможность выезда в командировки приветствуется. ";  Заработная плата - оклад + премия. Официальное трудоустройство. Сертификация за счет компании. Профессиональный и карьерный рост. Постоянная работа в Новосибирске, возможность выезда в командировки приветствуется. ;Опыт работы с базами данных. Знание основ бухгалтерского учета. Знание языка структурированных запросов SQL на профессиональном уровне (опыт написания сложных...;Работа над внутренним проектом компании. Автоматизация предприятий на платформе 8. Решение поставленных задач путем внесения изменений в программный код 1...;
78;Java-разработчик;Екатеринбург;40000.0;50000.0;Ай Ти Пром;2019-11-18T19:49:48+0300;1;3;Удаленная работа;Частичная занятость;"Компания Ай Ти Пром специализируется на разработке отраслевых решений для управления производственным процесом на промышленных предприятиях. Для усиления команды разработчиков в рамках реализации крупного проекта требуется Java-разработчик Full-Stack с общей занятостью 20 ч в неделю (0,5 ставки). Основные задачи:   Разработка frontend и backend web-приложения для промышленных предприятий;   Написание unit-тестов;   Проектирование ПО;   Участие в удаленном разверывании проектов.   Требования:  Высшее техническое образование (возможно студенты старших курсов); Опыт разработки на Java (Spring boot) \ JavaScript (JQuery, Knockout) Знание языка SQL и опыт работы с СУБД  Условия:  Срочный трудовой договор на период реализации проекта (1 год) с возможностью пролонгации; Удаленный характер работы. ";"  Срочный трудовой договор на период реализации проекта (1 год) с возможностью пролонгации; Удаленный характер работы. ";Высшее техническое образование (возможно студенты старших курсов). Опыт разработки на Java (Spring boot) \ JavaScript (JQuery, Knockout). Знание языка SQL и...;Разработка frontend и backend web-приложения для промышленных предприятий. Написание unit-тестов. Проектирование ПО. Участие в удаленном разверывании проектов.;"JavaScript; Java; SQL; Java SE; СУБД"
33;Программист 1С;Тюмень;;50000.0;Первый Бит;2019-11-20T08:40:40+0300;1;3;Полный день;Полная занятость;Если Вы ищите работу программистом в хорошей компании и коллективом, то эта вакансия для Вас! Мы предлагаем:  График работы понедельник-пятница с 9:00 до 18:00. Дружный и позитивный коллектив. Удобное месторасположение - наш офис находится в центре города. Официальное трудоустройство.  Что требуется:  Знание типовых конфигураций 1С (наличие сертификата Специалист по платформе 1С 8.2-8.3 приветствуется). Опыт программирования в среде 1С от 2х лет. Стремление к профессиональному росту.  Ваши обязанности:  Участвовать в крупных проектах внедрения и доработках ПП 1С, типовых и не типовых конфигураций. Обеспечение качественного внедрения программ 1C у клиентов компании. Доработка конфигураций 1С, интеграция 1С с другими системами. Создание собственных решений и разработок. Участвовать в проектах внедрения и доработках ПП 1С, типовых и не типовых конфигураций. Сложные обновления, переносы данных, переходы на новые конфигурации.  Ждем Ваши резюме!  ;  График работы понедельник-пятница с 9:00 до 18:00. Дружный и позитивный коллектив. Удобное месторасположение - наш офис находится в центре города. Официальное трудоустройство.  Что требуется:  Знание типовых конфигураций 1С (наличие сертификата Специалист по платформе 1С 8.2-8.3 приветствуется). Опыт программирования в среде 1С от 2х лет. Стремление к профессиональному росту.  Ваши обязанности:  Участвовать в крупных проектах внедрения и доработках ПП 1С, типовых и не типовых конфигураций. Обеспечение качественного внедрения программ 1C у клиентов компании. Доработка конфигураций 1С, интеграция 1С с другими системами. Создание собственных решений и разработок. Участвовать в проектах внедрения и доработках ПП 1С, типовых и не типовых конфигураций. Сложные обновления, переносы данных, переходы на новые конфигурации.  Ждем Ваши резюме!  ;"Знание типовых конфигураций 1С (наличие сертификата &quot;Специалист&quot; по платформе 1С 8.2-8.3 приветствуется). Опыт программирования в...";Участвовать в крупных проектах внедрения и доработках ПП 1С, типовых и не типовых конфигураций. Обеспечение качественного внедрения программ 1...;"1С программирование; 1C: Бухгалтерия; 1С: Предприятие 8; 1С: Документооборот; 1С: Управление Торговлей"
64;Программист 1С;Екатеринбург;;50000.0;Уральский дизель-моторный завод;2019-11-19T06:34:51+0300;1;3;Полный день;Полная занятость;"Обязанности:  администрирование 1С; обновление конфигурации; участие в описании бизнес-процессов; решение проблем пользователей 1С на предприятии.  Требования:  опыт самостоятельного программирования 1С опыт работы с конфигурацией УПП; понимание принципов бухгалтерского, финансового и складского учета.  Условия:  официальное трудоустройство; социальный пакет согласно ТК РФ; частичная компенсация расходов на аренду жилья/оплату детского сада; график работы: 8:00-16:40; место работы: Эльмаш. ";"  официальное трудоустройство; социальный пакет согласно ТК РФ; частичная компенсация расходов на аренду жилья/оплату детского сада; график работы: 8:00-16:40; место работы: Эльмаш. ";Опыт самостоятельного программирования 1С. Опыт работы с конфигурацией УПП. Понимание принципов бухгалтерского, финансового и складского учета.;Администрирование 1С. Обновление конфигурации. Участие в описании бизнес-процессов. Решение проблем пользователей 1С на предприятии.;
43;Инженер-программист станков с ЧПУ;Тюмень;45000.0;47000.0;ТРАНСНЕФТЬ - СИБИРЬ, филиал ТРМЗ;2019-11-19T16:51:26+0300;3;6;Полный день;Полная занятость;"Обязанности: Разработка управляющих программ для токарной, фрезерной обработки изделий на станках с ЧПУ; - Технологический контроль вновь разрабатываемой конструкторской документации; - Составление заявок на проектирование специальной оснастки, инструмента и приспособлений; - Участие в проведении работ по освоению продукции и внедрению в производство новой техники. Требования: Высшее техническое образование (машиностроение, металлообработка); - Опыт работы не менее 3 лет на должности инженера-программиста 2 категории; - Опытный пользователь программ 3D Компас, Word, Excel, Internet; - Знание стоек с ЧПУ Mazatrol, Heidenhain, Sinumerik; - Опыт работы в Cad/Cam - системах; - Активная жизненная позиция, стрессоустойчивость. Условия:  стабильная выплата заработной платы; ДМС; широкий социальный пакет; карьерный рост; выплата 13 заработной платы; премии к праздникам; доставка на работу. ";"  стабильная выплата заработной платы; ДМС; широкий социальный пакет; карьерный рост; выплата 13 заработной платы; премии к праздникам; доставка на работу. ";Опыт работы не менее 3 лет на должности инженера-<highlighttext>программиста</highlighttext> 2 категории. - Опытный пользователь программ 3D Компас, Word, Excel...;Разработка управляющих программ для токарной, фрезерной обработки изделий на станках с ЧПУ. - Технологический контроль вновь разрабатываемой конструкторской документации. - ;
